{"cameraMode":{"drawMode":0,"name":"Shaded","section":"Shading Mode"},"sceneLighting":true,"audioPlay":false,"sceneViewState":{"m_AlwaysRefresh":false,"showFog":true,"showSkybox":true,"showFlares":true,"showImageEffects":true,"showParticleSystems":true,"showVisualEffectGraphs":true,"m_FxEnabled":true},"in2DMode":false,"pivot":{"x":22.356353759765626,"y":269.5609130859375,"z":41.39696502685547},"rotation":{"x":-0.09300320595502854,"y":0.06029690429568291,"z":-0.005642469972372055,"w":-0.9938241243362427},"size":208.0150604248047,"orthographic":false}